{
    "mAP50": 0.73835,
    "mAP50-95": 0.58531,
    "precision": 0.74093,
    "recall": 0.91048,
    "f1_score": 0.817
}