{
    "mAP50": 0.00516,
    "mAP50-95": 0.00309,
    "precision": 0.00333,
    "recall": 1.0,
    "f1_score": 0.00664
}