,mAP50,mAP50-95,precision,recall,f1_score
0,0.73835,0.58531,0.74093,0.91048,0.817
