mAP50,mAP50-95,precision,recall,f1_score
0.07988,0.05351,0.20695,0.15192,0.17522
