{
    "mAP50": 0.07988,
    "mAP50-95": 0.05351,
    "precision": 0.20695,
    "recall": 0.15192,
    "f1_score": 0.17522
}